iter	Logloss
0	0.6645461863
1	0.6424819264
2	0.6214825842
3	0.6016798502
4	0.5767248634
5	0.5596539015
6	0.5442696315
7	0.5278199114
8	0.5116937851
9	0.4997162299
